InvoiceNo,StockCode,Description,Quantity,InvoiceDate,UnitPrice,CustomerID,Country
C538847,85232B,SET OF 3 BABUSHKA STACKING TINS,-240,12/14/2010 13:27,4.95,17404.0,Sweden
538848,85232B,SET OF 3 BABUSHKA STACKING TINS,240,12/14/2010 13:28,4.95,17404.0,Sweden
539338,84077,WORLD WAR 2 GLIDERS ASSTD DESIGNS,576,12/17/2010 10:54,0.29,17404.0,Sweden
539338,22951,60 CAKE CASES DOLLY GIRL DESIGN,240,12/17/2010 10:54,0.55,17404.0,Sweden
539338,22417,PACK OF 60 SPACEBOY CAKE CASES,240,12/17/2010 10:54,0.55,17404.0,Sweden
539338,21977,PACK OF 60 PINK PAISLEY CAKE CASES,240,12/17/2010 10:54,0.55,17404.0,Sweden
539338,84992,72 SWEETHEART FAIRY CAKE CASES,240,12/17/2010 10:54,0.55,17404.0,Sweden
539338,21212,PACK OF 72 RETROSPOT CAKE CASES,240,12/17/2010 10:54,0.55,17404.0,Sweden
539338,22949,36 DOILIES DOLLY GIRL,144,12/17/2010 10:54,1.45,17404.0,Sweden
539338,21210,SET OF 72 RETROSPOT PAPER  DOILIES,288,12/17/2010 10:54,1.45,17404.0,Sweden
539338,22536,MAGIC DRAWING SLATE PURDEY,192,12/17/2010 10:54,0.42,17404.0,Sweden
539338,22530,MAGIC DRAWING SLATE DOLLY GIRL ,192,12/17/2010 10:54,0.42,17404.0,Sweden
539338,22242,5 HOOK HANGER MAGIC TOADSTOOL,12,12/17/2010 10:54,1.65,17404.0,Sweden
539338,22489,PACK OF 12 TRADITIONAL CRAYONS,144,12/17/2010 10:54,0.42,17404.0,Sweden
539338,22758,LARGE PURPLE BABUSHKA NOTEBOOK  ,12,12/17/2010 10:54,1.25,17404.0,Sweden
539338,22757,LARGE RED BABUSHKA NOTEBOOK ,12,12/17/2010 10:54,1.25,17404.0,Sweden
539338,22756,LARGE YELLOW BABUSHKA NOTEBOOK ,12,12/17/2010 10:54,1.25,17404.0,Sweden
539338,22820,GIFT BAG BIRTHDAY,192,12/17/2010 10:54,0.65,17404.0,Sweden
539338,22348,TEA BAG PLATE RED RETROSPOT,288,12/17/2010 10:54,0.85,17404.0,Sweden
539338,85178,VICTORIAN SEWING KIT,144,12/17/2010 10:54,1.25,17404.0,Sweden
539338,22651,GENTLEMAN SHIRT REPAIR KIT ,144,12/17/2010 10:54,0.85,17404.0,Sweden
539338,22720,SET OF 3 CAKE TINS PANTRY DESIGN ,3,12/17/2010 10:54,4.95,17404.0,Sweden
539338,22721,SET OF 3 CAKE TINS SKETCHBOOK,3,12/17/2010 10:54,4.95,17404.0,Sweden
539338,22328,ROUND SNACK BOXES SET OF 4 FRUITS ,6,12/17/2010 10:54,2.95,17404.0,Sweden
539338,22326,ROUND SNACK BOXES SET OF4 WOODLAND ,6,12/17/2010 10:54,2.95,17404.0,Sweden
539338,21216,"SET 3 RETROSPOT TEA,COFFEE,SUGAR",24,12/17/2010 10:54,4.95,17404.0,Sweden
539338,22915,ASSORTED BOTTLE TOP  MAGNETS ,120,12/17/2010 10:54,0.42,17404.0,Sweden
540040,22264,FELT FARM ANIMAL WHITE BUNNY ,48,1/4/2011 14:20,0.19,12483.0,Sweden
540040,85169C,EAU DE NIL LOVE BIRD CANDLE,24,1/4/2011 14:20,0.42,12483.0,Sweden
540040,85169A,IVORY LOVE BIRD CANDLE,24,1/4/2011 14:20,0.42,12483.0,Sweden
540040,85169B,BLACK LOVE BIRD CANDLE,24,1/4/2011 14:20,0.42,12483.0,Sweden
540040,22271,FELTCRAFT DOLL ROSIE,12,1/4/2011 14:20,2.95,12483.0,Sweden
540040,22749,FELTCRAFT PRINCESS CHARLOTTE DOLL,12,1/4/2011 14:20,3.75,12483.0,Sweden
540040,21731,RED TOADSTOOL LED NIGHT LIGHT,48,1/4/2011 14:20,1.65,12483.0,Sweden
540040,22466,FAIRY TALE COTTAGE NIGHTLIGHT,12,1/4/2011 14:20,1.95,12483.0,Sweden
540040,22378,WALL TIDY RETROSPOT ,20,1/4/2011 14:20,0.85,12483.0,Sweden
540040,22467,GUMBALL COAT RACK,36,1/4/2011 14:20,2.1,12483.0,Sweden
540040,20724,RED RETROSPOT CHARLOTTE BAG,20,1/4/2011 14:20,0.85,12483.0,Sweden
540040,20704,MR ROBOT SOFT TOY,8,1/4/2011 14:20,1.95,12483.0,Sweden
540040,POST,POSTAGE,5,1/4/2011 14:20,40.0,12483.0,Sweden
C540057,POST,POSTAGE,-1,1/4/2011 14:29,40.0,12483.0,Sweden
542428,22530,MAGIC DRAWING SLATE DOLLY GIRL ,192,1/28/2011 10:00,0.42,17404.0,Sweden
542428,22720,SET OF 3 CAKE TINS PANTRY DESIGN ,72,1/28/2011 10:00,4.95,17404.0,Sweden
542428,21260,FIRST AID TIN,48,1/28/2011 10:00,3.25,17404.0,Sweden
542428,21906,PHARMACIE FIRST AID TIN,16,1/28/2011 10:00,6.75,17404.0,Sweden
542428,21791,VINTAGE HEADS AND TAILS CARD GAME ,144,1/28/2011 10:00,1.25,17404.0,Sweden
542428,21889,WOODEN BOX OF DOMINOES,144,1/28/2011 10:00,1.25,17404.0,Sweden
542428,22546,MINI JIGSAW PURDEY,240,1/28/2011 10:00,0.42,17404.0,Sweden
542428,22544,MINI JIGSAW SPACEBOY,240,1/28/2011 10:00,0.42,17404.0,Sweden
542428,22539,MINI JIGSAW DOLLY GIRL,240,1/28/2011 10:00,0.42,17404.0,Sweden
542428,21716,BOYS VINTAGE TIN SEASIDE BUCKET,64,1/28/2011 10:00,2.55,17404.0,Sweden
542428,85178,VICTORIAN SEWING KIT,144,1/28/2011 10:00,1.25,17404.0,Sweden
542428,22536,MAGIC DRAWING SLATE PURDEY,192,1/28/2011 10:00,0.42,17404.0,Sweden
542428,21715,GIRLS VINTAGE TIN SEASIDE BUCKET,64,1/28/2011 10:00,2.55,17404.0,Sweden
542428,22721,SET OF 3 CAKE TINS SKETCHBOOK,24,1/28/2011 10:00,4.95,17404.0,Sweden
542428,22489,PACK OF 12 TRADITIONAL CRAYONS,144,1/28/2011 10:00,0.42,17404.0,Sweden
542428,22758,LARGE PURPLE BABUSHKA NOTEBOOK  ,72,1/28/2011 10:00,1.25,17404.0,Sweden
542428,22757,LARGE RED BABUSHKA NOTEBOOK ,72,1/28/2011 10:00,1.25,17404.0,Sweden
542428,22756,LARGE YELLOW BABUSHKA NOTEBOOK ,72,1/28/2011 10:00,1.25,17404.0,Sweden
542428,22492,MINI PAINT SET VINTAGE ,576,1/28/2011 10:00,0.65,17404.0,Sweden
542428,22099,CARAVAN SQUARE TISSUE BOX,36,1/28/2011 10:00,1.25,17404.0,Sweden
542428,22838,3 TIER CAKE TIN RED AND CREAM,8,1/28/2011 10:00,14.95,17404.0,Sweden
542911,47590B,PINK HAPPY BIRTHDAY BUNTING,21,2/1/2011 15:41,5.45,12676.0,Sweden
542911,21380,WOODEN HAPPY BIRTHDAY GARLAND,18,2/1/2011 15:41,2.95,12676.0,Sweden
542911,22964,3 PIECE SPACEBOY COOKIE CUTTER SET,6,2/1/2011 15:41,2.1,12676.0,Sweden
542911,22938,CUPCAKE LACE PAPER SET 6,12,2/1/2011 15:41,1.95,12676.0,Sweden
542911,23230,WRAP ALPHABET DESIGN,25,2/1/2011 15:41,0.42,12676.0,Sweden
542911,22435,SET OF 9 HEART SHAPED BALLOONS,48,2/1/2011 15:41,1.25,12676.0,Sweden
542911,21499,BLUE POLKADOT WRAP,25,2/1/2011 15:41,0.42,12676.0,Sweden
542911,21500,PINK POLKADOT WRAP ,25,2/1/2011 15:41,0.42,12676.0,Sweden
542911,47590A,BLUE HAPPY BIRTHDAY BUNTING,21,2/1/2011 15:41,5.45,12676.0,Sweden
542911,POST,POSTAGE,1,2/1/2011 15:41,40.0,12676.0,Sweden
542911,21124,SET/10 BLUE POLKADOT PARTY CANDLES,24,2/1/2011 15:41,1.25,12676.0,Sweden
542911,21122,SET/10 PINK POLKADOT PARTY CANDLES,24,2/1/2011 15:41,1.25,12676.0,Sweden
546161,22651,GENTLEMAN SHIRT REPAIR KIT ,144,3/10/2011 9:52,0.85,17404.0,Sweden
C546162,85178,VICTORIAN SEWING KIT,-144,3/10/2011 9:53,1.25,17404.0,Sweden
546530,23194,GYMKHANA TREASURE BOOK BOX,8,3/14/2011 13:25,2.25,17404.0,Sweden
546530,23193,BUFFALO BILL TREASURE BOOK BOX,8,3/14/2011 13:25,2.25,17404.0,Sweden
546530,22554,PLASTERS IN TIN WOODLAND ANIMALS,96,3/14/2011 13:25,1.65,17404.0,Sweden
546530,22551,PLASTERS IN TIN SPACEBOY,96,3/14/2011 13:25,1.65,17404.0,Sweden
546530,20974,12 PENCILS SMALL TUBE SKULL,384,3/14/2011 13:25,0.65,17404.0,Sweden
546530,20975,12 PENCILS SMALL TUBE RED RETROSPOT,768,3/14/2011 13:25,0.65,17404.0,Sweden
546530,22951,60 CAKE CASES DOLLY GIRL DESIGN,240,3/14/2011 13:25,0.55,17404.0,Sweden
546530,22417,PACK OF 60 SPACEBOY CAKE CASES,240,3/14/2011 13:25,0.55,17404.0,Sweden
546530,21213,PACK OF 72 SKULL CAKE CASES,240,3/14/2011 13:25,0.55,17404.0,Sweden
546530,21977,PACK OF 60 PINK PAISLEY CAKE CASES,480,3/14/2011 13:25,0.55,17404.0,Sweden
546530,21212,PACK OF 72 RETROSPOT CAKE CASES,480,3/14/2011 13:25,0.55,17404.0,Sweden
546530,22949,36 DOILIES DOLLY GIRL,144,3/14/2011 13:25,1.45,17404.0,Sweden
546530,22416,SET OF 36 DOILIES SPACEBOY DESIGN ,144,3/14/2011 13:25,1.45,17404.0,Sweden
546530,84988,SET OF 72 PINK HEART PAPER DOILIES,144,3/14/2011 13:25,1.45,17404.0,Sweden
546530,22492,MINI PAINT SET VINTAGE ,576,3/14/2011 13:25,0.65,17404.0,Sweden
546530,22139,RETROSPOT TEA SET CERAMIC 11 PC ,48,3/14/2011 13:25,4.95,17404.0,Sweden
546530,22536,MAGIC DRAWING SLATE PURDEY,192,3/14/2011 13:25,0.42,17404.0,Sweden
546530,22530,MAGIC DRAWING SLATE DOLLY GIRL ,192,3/14/2011 13:25,0.42,17404.0,Sweden
546530,15036,ASSORTED COLOURS SILK FAN,12,3/14/2011 13:25,0.75,17404.0,Sweden
546530,21704,BAG 250g SWIRLY MARBLES,72,3/14/2011 13:25,0.85,17404.0,Sweden
546530,22720,SET OF 3 CAKE TINS PANTRY DESIGN ,72,3/14/2011 13:25,4.95,17404.0,Sweden
546530,22915,ASSORTED BOTTLE TOP  MAGNETS ,240,3/14/2011 13:25,0.42,17404.0,Sweden
546530,85178,VICTORIAN SEWING KIT,144,3/14/2011 13:25,1.25,17404.0,Sweden
546530,21791,VINTAGE HEADS AND TAILS CARD GAME ,72,3/14/2011 13:25,1.25,17404.0,Sweden
546530,22358,KINGS CHOICE TEA CADDY ,48,3/14/2011 13:25,2.95,17404.0,Sweden
546530,23177,TREASURE ISLAND BOOK BOX,8,3/14/2011 13:25,2.25,17404.0,Sweden
546530,23176,ABC TREASURE BOOK BOX ,8,3/14/2011 13:25,2.25,17404.0,Sweden
547645,22435,SET OF 9 HEART SHAPED BALLOONS,12,3/24/2011 11:40,1.25,12676.0,Sweden
547645,84988,SET OF 72 PINK HEART PAPER DOILIES,24,3/24/2011 11:40,1.45,12676.0,Sweden
547645,22090,PAPER BUNTING RETROSPOT,12,3/24/2011 11:40,2.95,12676.0,Sweden
547645,22128,PARTY CONES CANDY ASSORTED,24,3/24/2011 11:40,1.25,12676.0,Sweden
547645,22668,PINK BABY BUNTING,10,3/24/2011 11:40,2.95,12676.0,Sweden
547645,21975,PACK OF 60 DINOSAUR CAKE CASES,24,3/24/2011 11:40,0.55,12676.0,Sweden
547645,POST,POSTAGE,1,3/24/2011 11:40,40.0,12676.0,Sweden
550277,22563,HAPPY STENCIL CRAFT,12,4/15/2011 12:48,1.25,12639.0,Sweden
550277,22562,MONSTERS STENCIL CRAFT,12,4/15/2011 12:48,1.25,12639.0,Sweden
550277,15058A,BLUE POLKADOT GARDEN PARASOL,2,4/15/2011 12:48,7.95,12639.0,Sweden
550277,22605,WOODEN CROQUET GARDEN SET,1,4/15/2011 12:48,14.95,12639.0,Sweden
550277,22960,JAM MAKING SET WITH JARS,6,4/15/2011 12:48,4.25,12639.0,Sweden
550277,22962,JAM JAR WITH PINK LID,12,4/15/2011 12:48,0.85,12639.0,Sweden
550277,84997D,CHILDRENS CUTLERY POLKADOT PINK,4,4/15/2011 12:48,4.15,12639.0,Sweden
550277,21559,STRAWBERRY LUNCH BOX WITH CUTLERY,6,4/15/2011 12:48,2.55,12639.0,Sweden
550277,22384,LUNCH BAG PINK POLKADOT,10,4/15/2011 12:48,1.65,12639.0,Sweden
550277,20728,LUNCH BAG CARS BLUE,10,4/15/2011 12:48,1.65,12639.0,Sweden
550277,20725,LUNCH BAG RED RETROSPOT,10,4/15/2011 12:48,1.65,12639.0,Sweden
550277,84380,SET OF 3 BUTTERFLY COOKIE CUTTERS,12,4/15/2011 12:48,1.25,12639.0,Sweden
550277,84375,SET OF 20 KIDS COOKIE CUTTERS,12,4/15/2011 12:48,2.1,12639.0,Sweden
550277,22955,36 FOIL STAR CAKE CASES ,12,4/15/2011 12:48,2.1,12639.0,Sweden
550277,22956,36 FOIL HEART CAKE CASES,12,4/15/2011 12:48,2.1,12639.0,Sweden
550277,22776,SWEETHEART CAKESTAND 3 TIER,1,4/15/2011 12:48,9.95,12639.0,Sweden
550277,47367B,PAIR PADDED HANGERS PINK CHECK,4,4/15/2011 12:48,3.75,12639.0,Sweden
550277,21880,RED RETROSPOT TAPE,12,4/15/2011 12:48,0.65,12639.0,Sweden
550277,22556,PLASTERS IN TIN CIRCUS PARADE ,12,4/15/2011 12:48,1.65,12639.0,Sweden
550277,21889,WOODEN BOX OF DOMINOES,12,4/15/2011 12:48,1.25,12639.0,Sweden
550277,21124,SET/10 BLUE POLKADOT PARTY CANDLES,24,4/15/2011 12:48,1.25,12639.0,Sweden
550277,POST,POSTAGE,3,4/15/2011 12:48,40.0,12639.0,Sweden
551278,23206,LUNCH BAG APPLE DESIGN,20,4/27/2011 13:13,1.65,12483.0,Sweden
551278,20726,LUNCH BAG WOODLAND,10,4/27/2011 13:13,1.65,12483.0,Sweden
551278,22326,ROUND SNACK BOXES SET OF4 WOODLAND ,6,4/27/2011 13:13,2.95,12483.0,Sweden
551278,20725,LUNCH BAG RED RETROSPOT,10,4/27/2011 13:13,1.65,12483.0,Sweden
551278,22328,ROUND SNACK BOXES SET OF 4 FRUITS ,12,4/27/2011 13:13,2.95,12483.0,Sweden
551278,22352,LUNCH BOX WITH CUTLERY RETROSPOT ,6,4/27/2011 13:13,2.55,12483.0,Sweden
551278,22779,WOODEN OWLS LIGHT GARLAND ,8,4/27/2011 13:13,4.25,12483.0,Sweden
551278,22993,SET OF 4 PANTRY JELLY MOULDS,12,4/27/2011 13:13,1.25,12483.0,Sweden
551278,23254,CHILDRENS CUTLERY DOLLY GIRL ,8,4/27/2011 13:13,4.15,12483.0,Sweden
551278,23255,CHILDRENS CUTLERY CIRCUS PARADE,8,4/27/2011 13:13,4.15,12483.0,Sweden
551278,84997D,CHILDRENS CUTLERY POLKADOT PINK,8,4/27/2011 13:13,4.15,12483.0,Sweden
551278,POST,POSTAGE,1,4/27/2011 13:13,40.0,12483.0,Sweden
C551585,22779,WOODEN OWLS LIGHT GARLAND ,-2,5/3/2011 11:23,4.25,12483.0,Sweden
C551864,22779,WOODEN OWLS LIGHT GARLAND ,-2,5/4/2011 16:18,4.25,12483.0,Sweden
552717,22779,WOODEN OWLS LIGHT GARLAND ,2,5/11/2011 9:42,4.25,12483.0,Sweden
552957,84991,60 TEATIME FAIRY CAKE CASES,240,5/12/2011 12:36,0.55,17404.0,Sweden
552957,84987,SET OF 36 TEATIME PAPER DOILIES,144,5/12/2011 12:36,1.45,17404.0,Sweden
552957,21889,WOODEN BOX OF DOMINOES,288,5/12/2011 12:36,1.25,17404.0,Sweden
552957,84077,WORLD WAR 2 GLIDERS ASSTD DESIGNS,576,5/12/2011 12:36,0.29,17404.0,Sweden
552957,22752,SET 7 BABUSHKA NESTING BOXES,2,5/12/2011 12:36,8.5,17404.0,Sweden
552957,22961,JAM MAKING SET PRINTED,96,5/12/2011 12:36,1.45,17404.0,Sweden
552957,22721,SET OF 3 CAKE TINS SKETCHBOOK,24,5/12/2011 12:36,4.25,17404.0,Sweden
552957,23159,SET OF 5 PANCAKE DAY MAGNETS,120,5/12/2011 12:36,2.08,17404.0,Sweden
552957,23154,SET OF 4 JAM JAR MAGNETS,120,5/12/2011 12:36,2.08,17404.0,Sweden
552957,22491,PACK OF 12 COLOURED PENCILS,12,5/12/2011 12:36,0.85,17404.0,Sweden
552957,23191,BUNDLE OF 3 RETRO NOTE BOOKS,12,5/12/2011 12:36,1.65,17404.0,Sweden
552957,22489,PACK OF 12 TRADITIONAL CRAYONS,432,5/12/2011 12:36,0.42,17404.0,Sweden
552957,22492,MINI PAINT SET VINTAGE ,576,5/12/2011 12:36,0.65,17404.0,Sweden
552957,22938,CUPCAKE LACE PAPER SET 6,144,5/12/2011 12:36,1.95,17404.0,Sweden
552957,23080,RED METAL BOX TOP SECRET,4,5/12/2011 12:36,8.25,17404.0,Sweden
552957,23081,GREEN METAL BOX ARMY SUPPLIES,4,5/12/2011 12:36,8.25,17404.0,Sweden
553674,22467,GUMBALL COAT RACK,36,5/18/2011 12:50,2.1,12483.0,Sweden
553674,POST,POSTAGE,1,5/18/2011 12:50,40.0,12483.0,Sweden
555403,47566B,TEA TIME PARTY BUNTING,4,6/2/2011 18:06,4.95,12676.0,Sweden
555403,22668,PINK BABY BUNTING,5,6/2/2011 18:06,2.95,12676.0,Sweden
555403,22437,SET OF 9 BLACK SKULL BALLOONS,20,6/2/2011 18:06,0.85,12676.0,Sweden
555403,21122,SET/10 PINK POLKADOT PARTY CANDLES,24,6/2/2011 18:06,1.25,12676.0,Sweden
555403,POST,POSTAGE,1,6/2/2011 18:06,40.0,12676.0,Sweden
556194,23084,RABBIT NIGHT LIGHT,24,6/9/2011 12:20,1.79,12483.0,Sweden
556194,21731,RED TOADSTOOL LED NIGHT LIGHT,24,6/9/2011 12:20,1.65,12483.0,Sweden
556194,22378,WALL TIDY RETROSPOT ,15,6/9/2011 12:20,2.1,12483.0,Sweden
556194,23298,SPOTTY BUNTING,9,6/9/2011 12:20,4.95,12483.0,Sweden
556194,22232,JIGSAW TOADSTOOLS 3 PIECE,16,6/9/2011 12:20,0.59,12483.0,Sweden
556194,21452,TOADSTOOL MONEY BOX,6,6/9/2011 12:20,2.95,12483.0,Sweden
556194,21789,KIDS RAIN MAC PINK,24,6/9/2011 12:20,0.85,12483.0,Sweden
556194,21788,KIDS RAIN MAC BLUE,24,6/9/2011 12:20,0.85,12483.0,Sweden
556194,22492,MINI PAINT SET VINTAGE ,36,6/9/2011 12:20,0.65,12483.0,Sweden
556194,22779,WOODEN OWLS LIGHT GARLAND ,8,6/9/2011 12:20,4.25,12483.0,Sweden
556194,POST,POSTAGE,2,6/9/2011 12:20,18.0,12483.0,Sweden
557939,POST,POSTAGE,2,6/23/2011 15:44,40.0,12697.0,Sweden
557939,23298,SPOTTY BUNTING,3,6/23/2011 15:44,4.95,12697.0,Sweden
557939,23243,SET OF TEA COFFEE SUGAR TINS PANTRY,4,6/23/2011 15:44,4.95,12697.0,Sweden
557939,23307,SET OF 60 PANTRY DESIGN CAKE CASES ,24,6/23/2011 15:44,0.55,12697.0,Sweden
557939,23240,SET OF 4 KNICK KNACK TINS DOILEY ,6,6/23/2011 15:44,4.15,12697.0,Sweden
557939,23306,SET OF 36 DOILIES PANTRY DESIGN,12,6/23/2011 15:44,1.45,12697.0,Sweden
557939,22720,SET OF 3 CAKE TINS PANTRY DESIGN ,3,6/23/2011 15:44,4.95,12697.0,Sweden
557939,22979,PANTRY WASHING UP BRUSH,12,6/23/2011 15:44,1.45,12697.0,Sweden
557939,22980,PANTRY SCRUBBING BRUSH,12,6/23/2011 15:44,1.65,12697.0,Sweden
557939,22982,PANTRY PASTRY BRUSH,12,6/23/2011 15:44,1.25,12697.0,Sweden
557939,22961,JAM MAKING SET PRINTED,12,6/23/2011 15:44,1.45,12697.0,Sweden
557939,22938,CUPCAKE LACE PAPER SET 6,12,6/23/2011 15:44,1.95,12697.0,Sweden
557939,22936,BAKING MOULD ROSE WHITE CHOCOLATE,6,6/23/2011 15:44,3.25,12697.0,Sweden
557939,22935,BAKING MOULD ROSE MILK CHOCOLATE,6,6/23/2011 15:44,3.25,12697.0,Sweden
557939,22931,BAKING MOULD HEART WHITE CHOCOLATE,6,6/23/2011 15:44,2.55,12697.0,Sweden
557939,22930,BAKING MOULD HEART MILK CHOCOLATE,6,6/23/2011 15:44,2.55,12697.0,Sweden
557939,22937,BAKING MOULD CHOCOLATE CUPCAKES,6,6/23/2011 15:44,2.55,12697.0,Sweden
557939,22965,3 TRADITIONAl BISCUIT CUTTERS  SET,6,6/23/2011 15:44,2.1,12697.0,Sweden
557939,22993,SET OF 4 PANTRY JELLY MOULDS,12,6/23/2011 15:44,1.25,12697.0,Sweden
559145,23307,SET OF 60 PANTRY DESIGN CAKE CASES ,480,7/6/2011 14:17,0.55,17404.0,Sweden
559145,23308,SET OF 60 VINTAGE LEAF CAKE CASES ,480,7/6/2011 14:17,0.55,17404.0,Sweden
559145,23242,TREASURE TIN BUFFALO BILL ,6,7/6/2011 14:17,2.08,17404.0,Sweden
559145,23241,TREASURE TIN GYMKHANA DESIGN,6,7/6/2011 14:17,2.08,17404.0,Sweden
559145,22720,SET OF 3 CAKE TINS PANTRY DESIGN ,96,7/6/2011 14:17,4.95,17404.0,Sweden
559145,23245,SET OF 3 REGENCY CAKE TINS,32,7/6/2011 14:17,4.95,17404.0,Sweden
559145,23244,STORAGE TIN VINTAGE LEAF,6,7/6/2011 14:17,1.95,17404.0,Sweden
559145,23235,STORAGE TIN VINTAGE LEAF,6,7/6/2011 14:17,2.89,17404.0,Sweden
559145,23236,DOILEY STORAGE TIN,6,7/6/2011 14:17,2.89,17404.0,Sweden
559145,23306,SET OF 36 DOILIES PANTRY DESIGN,144,7/6/2011 14:17,1.45,17404.0,Sweden
559145,22554,PLASTERS IN TIN WOODLAND ANIMALS,96,7/6/2011 14:17,1.65,17404.0,Sweden
559145,22551,PLASTERS IN TIN SPACEBOY,96,7/6/2011 14:17,1.65,17404.0,Sweden
559145,22491,PACK OF 12 COLOURED PENCILS,288,7/6/2011 14:17,0.85,17404.0,Sweden
559145,23191,BUNDLE OF 3 RETRO NOTE BOOKS,48,7/6/2011 14:17,1.65,17404.0,Sweden
559145,21918,SET 12 KIDS COLOUR  CHALK STICKS,288,7/6/2011 14:17,0.42,17404.0,Sweden
559145,21917,SET 12 KIDS  WHITE CHALK STICKS,288,7/6/2011 14:17,0.42,17404.0,Sweden
559145,23310,BUBBLEGUM RING ASSORTED,180,7/6/2011 14:17,0.42,17404.0,Sweden
559145,84077,WORLD WAR 2 GLIDERS ASSTD DESIGNS,576,7/6/2011 14:17,0.29,17404.0,Sweden
559145,22139,RETROSPOT TEA SET CERAMIC 11 PC ,24,7/6/2011 14:17,4.95,17404.0,Sweden
559145,22961,JAM MAKING SET PRINTED,96,7/6/2011 14:17,1.45,17404.0,Sweden
561890,POST,POSTAGE,2,7/31/2011 14:17,40.0,12697.0,Sweden
561890,22720,SET OF 3 CAKE TINS PANTRY DESIGN ,15,7/31/2011 14:17,4.95,12697.0,Sweden
561890,22077,6 RIBBONS RUSTIC CHARM,12,7/31/2011 14:17,1.65,12697.0,Sweden
561890,21292,SMALL STRIPES CHOCOLATE GIFT BAG ,16,7/31/2011 14:17,0.85,12697.0,Sweden
561890,23308,SET OF 60 VINTAGE LEAF CAKE CASES ,24,7/31/2011 14:17,0.55,12697.0,Sweden
561890,23296,SET OF 6 TEA TIME BAKING CASES,24,7/31/2011 14:17,1.25,12697.0,Sweden
561890,23295,SET OF 12 MINI LOAF BAKING CASES,24,7/31/2011 14:17,0.83,12697.0,Sweden
561890,23294,SET OF 6 SNACK LOAF BAKING CASES,24,7/31/2011 14:17,0.83,12697.0,Sweden
561890,23293,SET OF 12 FAIRY CAKE BAKING CASES,24,7/31/2011 14:17,0.83,12697.0,Sweden
561890,23297,SET 40 HEART SHAPE PETIT FOUR CASES,32,7/31/2011 14:17,1.65,12697.0,Sweden
561902,21977,PACK OF 60 PINK PAISLEY CAKE CASES,240,7/31/2011 15:50,0.55,17404.0,Sweden
561902,22950,36 DOILIES VINTAGE CHRISTMAS,144,7/31/2011 15:50,1.45,17404.0,Sweden
561902,23310,BUBBLEGUM RING ASSORTED,180,7/31/2011 15:50,0.42,17404.0,Sweden
561902,22348,TEA BAG PLATE RED RETROSPOT,144,7/31/2011 15:50,0.85,17404.0,Sweden
561902,20704,MR ROBOT SOFT TOY,2,7/31/2011 15:50,6.95,17404.0,Sweden
561902,23236,DOILEY STORAGE TIN,48,7/31/2011 15:50,2.89,17404.0,Sweden
561902,23245,SET OF 3 REGENCY CAKE TINS,96,7/31/2011 15:50,4.95,17404.0,Sweden
561902,23241,TREASURE TIN GYMKHANA DESIGN,48,7/31/2011 15:50,2.08,17404.0,Sweden
561902,23242,TREASURE TIN BUFFALO BILL ,48,7/31/2011 15:50,2.08,17404.0,Sweden
561902,23243,SET OF TEA COFFEE SUGAR TINS PANTRY,96,7/31/2011 15:50,4.95,17404.0,Sweden
561902,M,Manual,1,7/31/2011 15:50,30.0,17404.0,Sweden
561902,22907,PACK OF 20 NAPKINS PANTRY DESIGN,96,7/31/2011 15:50,0.85,17404.0,Sweden
561902,22909,SET OF 20 VINTAGE CHRISTMAS NAPKINS,96,7/31/2011 15:50,0.85,17404.0,Sweden
561902,21906,PHARMACIE FIRST AID TIN,32,7/31/2011 15:50,6.75,17404.0,Sweden
561902,21260,FIRST AID TIN,48,7/31/2011 15:50,3.25,17404.0,Sweden
561902,23288,GREEN VINTAGE SPOT BEAKER,96,7/31/2011 15:50,0.85,17404.0,Sweden
561902,23287,RED VINTAGE SPOT BEAKER,96,7/31/2011 15:50,0.85,17404.0,Sweden
561902,23286,BLUE VINTAGE SPOT BEAKER,96,7/31/2011 15:50,0.85,17404.0,Sweden
561902,23285,PINK VINTAGE SPOT BEAKER,96,7/31/2011 15:50,0.85,17404.0,Sweden
561902,23297,SET 40 HEART SHAPE PETIT FOUR CASES,240,7/31/2011 15:50,1.65,17404.0,Sweden
561902,23296,SET OF 6 TEA TIME BAKING CASES,128,7/31/2011 15:50,1.25,17404.0,Sweden
561902,23295,SET OF 12 MINI LOAF BAKING CASES,128,7/31/2011 15:50,0.83,17404.0,Sweden
561902,23293,SET OF 12 FAIRY CAKE BAKING CASES,128,7/31/2011 15:50,0.83,17404.0,Sweden
561902,22952,60 CAKE CASES VINTAGE CHRISTMAS,240,7/31/2011 15:50,0.55,17404.0,Sweden
562285,51014A,"FEATHER PEN,HOT PINK",240,8/4/2011 10:45,0.39,17404.0,Sweden
562285,15036,ASSORTED COLOURS SILK FAN,720,8/4/2011 10:45,0.72,17404.0,Sweden
562600,22090,PAPER BUNTING RETROSPOT,12,8/8/2011 10:01,2.95,12676.0,Sweden
562600,21380,WOODEN HAPPY BIRTHDAY GARLAND,12,8/8/2011 10:01,2.95,12676.0,Sweden
562600,22668,PINK BABY BUNTING,10,8/8/2011 10:01,2.95,12676.0,Sweden
562600,20974,12 PENCILS SMALL TUBE SKULL,24,8/8/2011 10:01,0.65,12676.0,Sweden
562600,21213,PACK OF 72 SKULL CAKE CASES,24,8/8/2011 10:01,0.55,12676.0,Sweden
562600,POST,POSTAGE,1,8/8/2011 10:01,40.0,12676.0,Sweden
562650,POST,POSTAGE,2,8/8/2011 13:12,40.0,17404.0,Sweden
563443,22325,MOBILE VINTAGE HEARTS ,3,8/16/2011 13:26,4.95,12641.0,Sweden
563443,22556,PLASTERS IN TIN CIRCUS PARADE ,12,8/16/2011 13:26,1.65,12641.0,Sweden
563443,22371,AIRLINE BAG VINTAGE TOKYO 78,4,8/16/2011 13:26,4.25,12641.0,Sweden
563443,22377,BOTTLE BAG RETROSPOT ,5,8/16/2011 13:26,2.1,12641.0,Sweden
563443,22626,BLACK KITCHEN SCALES,2,8/16/2011 13:26,8.5,12641.0,Sweden
563443,22932,BAKING MOULD TOFFEE CUP CHOCOLATE,6,8/16/2011 13:26,2.55,12641.0,Sweden
563443,21977,PACK OF 60 PINK PAISLEY CAKE CASES,24,8/16/2011 13:26,0.55,12641.0,Sweden
563443,21108,FAIRY CAKE FLANNEL ASSORTED COLOUR,9,8/16/2011 13:26,2.55,12641.0,Sweden
563443,POST,POSTAGE,1,8/16/2011 13:26,40.0,12641.0,Sweden
563443,22467,GUMBALL COAT RACK,6,8/16/2011 13:26,2.55,12641.0,Sweden
C563586,22077,6 RIBBONS RUSTIC CHARM,-6,8/17/2011 17:19,1.65,12697.0,Sweden
564539,20718,RED RETROSPOT SHOPPER BAG,10,8/25/2011 15:22,1.25,12715.0,Sweden
564539,20724,RED RETROSPOT CHARLOTTE BAG,10,8/25/2011 15:22,0.85,12715.0,Sweden
564539,20719,WOODLAND CHARLOTTE BAG,10,8/25/2011 15:22,0.85,12715.0,Sweden
564539,22378,WALL TIDY RETROSPOT ,5,8/25/2011 15:22,2.1,12715.0,Sweden
564539,22379,RECYCLING BAG RETROSPOT ,5,8/25/2011 15:22,2.1,12715.0,Sweden
564539,22380,TOY TIDY SPACEBOY  ,5,8/25/2011 15:22,2.1,12715.0,Sweden
564539,22381,TOY TIDY PINK POLKADOT,5,8/25/2011 15:22,2.1,12715.0,Sweden
564539,23204,CHARLOTTE BAG APPLES DESIGN,10,8/25/2011 15:22,0.85,12715.0,Sweden
564539,23201,JUMBO BAG ALPHABET,10,8/25/2011 15:22,2.08,12715.0,Sweden
564539,23199,JUMBO BAG APPLES,10,8/25/2011 15:22,2.08,12715.0,Sweden
564539,20712,JUMBO BAG WOODLAND ANIMALS,10,8/25/2011 15:22,2.08,12715.0,Sweden
564539,20713,JUMBO BAG OWLS,10,8/25/2011 15:22,2.08,12715.0,Sweden
564539,85099B,JUMBO BAG RED RETROSPOT,10,8/25/2011 15:22,2.08,12715.0,Sweden
564539,22356,CHARLOTTE BAG PINK POLKADOT,10,8/25/2011 15:22,0.85,12715.0,Sweden
564539,21731,RED TOADSTOOL LED NIGHT LIGHT,12,8/25/2011 15:22,1.65,12715.0,Sweden
564539,21981,PACK OF 12 WOODLAND TISSUES ,24,8/25/2011 15:22,0.29,12715.0,Sweden
564539,POST,POSTAGE,2,8/25/2011 15:22,40.0,12715.0,Sweden
564539,21933,PINK VINTAGE PAISLEY PICNIC BAG,10,8/25/2011 15:22,1.65,12715.0,Sweden
564539,22378,WALL TIDY RETROSPOT ,5,8/25/2011 15:22,2.1,12715.0,Sweden
564539,22963,JAM JAR WITH GREEN LID,12,8/25/2011 15:22,0.85,12715.0,Sweden
564539,22969,HOMEMADE JAM SCENTED CANDLES,12,8/25/2011 15:22,1.45,12715.0,Sweden
565287,21156,RETROSPOT CHILDRENS APRON,16,9/2/2011 11:42,1.95,12483.0,Sweden
565287,22378,WALL TIDY RETROSPOT ,5,9/2/2011 11:42,2.1,12483.0,Sweden
565287,20981,12 PENCILS TALL TUBE WOODLAND,12,9/2/2011 11:42,0.85,12483.0,Sweden
565287,22326,ROUND SNACK BOXES SET OF4 WOODLAND ,12,9/2/2011 11:42,2.95,12483.0,Sweden
565287,22352,LUNCH BOX WITH CUTLERY RETROSPOT ,12,9/2/2011 11:42,2.55,12483.0,Sweden
565287,23298,SPOTTY BUNTING,9,9/2/2011 11:42,4.95,12483.0,Sweden
565287,20719,WOODLAND CHARLOTTE BAG,20,9/2/2011 11:42,0.85,12483.0,Sweden
565287,20724,RED RETROSPOT CHARLOTTE BAG,10,9/2/2011 11:42,0.85,12483.0,Sweden
565287,23275,SET OF 3 HANGING OWLS OLLIE BEAK,12,9/2/2011 11:42,1.25,12483.0,Sweden
565287,22255,FELT TOADSTOOL  SMALL,24,9/2/2011 11:42,0.85,12483.0,Sweden
565287,22867,HAND WARMER BIRD DESIGN,12,9/2/2011 11:42,2.1,12483.0,Sweden
565287,22865,HAND WARMER OWL DESIGN,12,9/2/2011 11:42,2.1,12483.0,Sweden
565287,22328,ROUND SNACK BOXES SET OF 4 FRUITS ,6,9/2/2011 11:42,2.95,12483.0,Sweden
565287,POST,POSTAGE,1,9/2/2011 11:42,18.0,12483.0,Sweden
566494,23374,RED SPOT PAPER GIFT BAG,200,9/13/2011 11:12,0.82,17404.0,Sweden
566494,22492,MINI PAINT SET VINTAGE ,576,9/13/2011 11:12,0.65,17404.0,Sweden
566494,22909,SET OF 20 VINTAGE CHRISTMAS NAPKINS,96,9/13/2011 11:12,0.68,17404.0,Sweden
566494,22907,PACK OF 20 NAPKINS PANTRY DESIGN,96,9/13/2011 11:12,0.85,17404.0,Sweden
566494,23297,SET 40 HEART SHAPE PETIT FOUR CASES,480,9/13/2011 11:12,1.65,17404.0,Sweden
566494,23293,SET OF 12 FAIRY CAKE BAKING CASES,128,9/13/2011 11:12,0.83,17404.0,Sweden
566494,22952,60 CAKE CASES VINTAGE CHRISTMAS,240,9/13/2011 11:12,0.55,17404.0,Sweden
566494,22951,60 CAKE CASES DOLLY GIRL DESIGN,240,9/13/2011 11:12,0.55,17404.0,Sweden
566494,23392,SPACEBOY ROCKET LOLLY MAKERS,48,9/13/2011 11:12,2.08,17404.0,Sweden
566494,23310,BUBBLEGUM RING ASSORTED,720,9/13/2011 11:12,0.42,17404.0,Sweden
566494,84077,WORLD WAR 2 GLIDERS ASSTD DESIGNS,288,9/13/2011 11:12,0.29,17404.0,Sweden
566494,22961,JAM MAKING SET PRINTED,192,9/13/2011 11:12,1.45,17404.0,Sweden
566494,23236,STORAGE TIN VINTAGE DOILY ,144,9/13/2011 11:12,2.89,17404.0,Sweden
566494,23241,TREASURE TIN GYMKHANA DESIGN,144,9/13/2011 11:12,2.08,17404.0,Sweden
566494,23242,TREASURE TIN BUFFALO BILL ,144,9/13/2011 11:12,2.08,17404.0,Sweden
566494,23306,SET OF 36 DOILIES PANTRY DESIGN,144,9/13/2011 11:12,1.45,17404.0,Sweden
566494,21210,SET OF 72 RETROSPOT PAPER  DOILIES,192,9/13/2011 11:12,1.45,17404.0,Sweden
569018,23076,ICE CREAM SUNDAE LIP GLOSS,24,9/30/2011 9:25,1.25,12676.0,Sweden
569018,23368,SET 12 COLOUR PENCILS DOLLY GIRL ,16,9/30/2011 9:25,0.65,12676.0,Sweden
569018,22090,PAPER BUNTING RETROSPOT,12,9/30/2011 9:25,2.95,12676.0,Sweden
569018,23508,MINI PLAYING CARDS DOLLY GIRL ,20,9/30/2011 9:25,0.42,12676.0,Sweden
569018,22531,MAGIC DRAWING SLATE CIRCUS PARADE  ,24,9/30/2011 9:25,0.42,12676.0,Sweden
569018,21210,SET OF 72 RETROSPOT PAPER  DOILIES,12,9/30/2011 9:25,1.45,12676.0,Sweden
569018,POST,POSTAGE,1,9/30/2011 9:25,40.0,12676.0,Sweden
571191,POST,POSTAGE,1,10/14/2011 11:44,15.0,17404.0,Sweden
571318,23245,SET OF 3 REGENCY CAKE TINS,96,10/17/2011 10:50,4.95,17404.0,Sweden
571318,22720,SET OF 3 CAKE TINS PANTRY DESIGN ,96,10/17/2011 10:50,4.95,17404.0,Sweden
571318,23157,SET OF 6 NATIVITY MAGNETS ,120,10/17/2011 10:50,2.08,17404.0,Sweden
571318,23510,MINI PLAYING CARDS GYMKHANA,250,10/17/2011 10:50,0.42,17404.0,Sweden
571318,23508,MINI PLAYING CARDS DOLLY GIRL ,250,10/17/2011 10:50,0.42,17404.0,Sweden
571318,23507,MINI PLAYING CARDS BUFFALO BILL ,250,10/17/2011 10:50,0.42,17404.0,Sweden
571318,23506,MINI PLAYING CARDS SPACEBOY ,250,10/17/2011 10:50,0.42,17404.0,Sweden
571318,22759,SET OF 3 NOTEBOOKS IN PARCEL,96,10/17/2011 10:50,1.65,17404.0,Sweden
571318,22492,MINI PAINT SET VINTAGE ,576,10/17/2011 10:50,0.65,17404.0,Sweden
571318,23370,SET 36 COLOURING PENCILS DOILY,128,10/17/2011 10:50,1.25,17404.0,Sweden
571318,23368,SET 12 COLOUR PENCILS DOLLY GIRL ,384,10/17/2011 10:50,0.65,17404.0,Sweden
571318,23367,SET 12 COLOUR PENCILS SPACEBOY ,384,10/17/2011 10:50,0.65,17404.0,Sweden
571318,22909,SET OF 20 VINTAGE CHRISTMAS NAPKINS,96,10/17/2011 10:50,0.85,17404.0,Sweden
571318,22952,60 CAKE CASES VINTAGE CHRISTMAS,480,10/17/2011 10:50,0.42,17404.0,Sweden
571318,23307,SET OF 60 PANTRY DESIGN CAKE CASES ,240,10/17/2011 10:50,0.42,17404.0,Sweden
571318,22951,60 CAKE CASES DOLLY GIRL DESIGN,240,10/17/2011 10:50,0.42,17404.0,Sweden
571318,22417,PACK OF 60 SPACEBOY CAKE CASES,240,10/17/2011 10:50,0.42,17404.0,Sweden
571318,21212,PACK OF 72 RETROSPOT CAKE CASES,240,10/17/2011 10:50,0.42,17404.0,Sweden
571318,84991,60 TEATIME FAIRY CAKE CASES,240,10/17/2011 10:50,0.42,17404.0,Sweden
571318,21211,SET OF 72 SKULL PAPER  DOILIES,192,10/17/2011 10:50,1.45,17404.0,Sweden
571318,21210,SET OF 72 RETROSPOT PAPER  DOILIES,192,10/17/2011 10:50,1.45,17404.0,Sweden
571318,22139,RETROSPOT TEA SET CERAMIC 11 PC ,24,10/17/2011 10:50,4.95,17404.0,Sweden
571318,21791,VINTAGE HEADS AND TAILS CARD GAME ,72,10/17/2011 10:50,1.25,17404.0,Sweden
571318,21704,BAG 250g SWIRLY MARBLES,72,10/17/2011 10:50,0.85,17404.0,Sweden
571318,21889,WOODEN BOX OF DOMINOES,144,10/17/2011 10:50,1.25,17404.0,Sweden
571318,21915,RED  HARMONICA IN BOX ,240,10/17/2011 10:50,1.25,17404.0,Sweden
571318,22961,JAM MAKING SET PRINTED,96,10/17/2011 10:50,1.45,17404.0,Sweden
571318,22348,TEA BAG PLATE RED RETROSPOT,144,10/17/2011 10:50,0.85,17404.0,Sweden
571318,15036,ASSORTED COLOURS SILK FAN,72,10/17/2011 10:50,0.83,17404.0,Sweden
571318,23191,BUNDLE OF 3 RETRO NOTE BOOKS,48,10/17/2011 10:50,1.45,17404.0,Sweden
573333,23480,MINI LIGHTS WOODLAND MUSHROOMS,16,10/30/2011 11:34,3.75,12483.0,Sweden
573333,23473,WOODLAND SMALL RED FELT HEART,12,10/30/2011 11:34,0.83,12483.0,Sweden
573333,22580,ADVENT CALENDAR GINGHAM SACK,12,10/30/2011 11:34,5.95,12483.0,Sweden
573333,22578,WOODEN STAR CHRISTMAS SCANDINAVIAN,24,10/30/2011 11:34,0.29,12483.0,Sweden
573333,22577,WOODEN HEART CHRISTMAS SCANDINAVIAN,24,10/30/2011 11:34,0.29,12483.0,Sweden
573333,22579,WOODEN TREE CHRISTMAS SCANDINAVIAN,24,10/30/2011 11:34,0.29,12483.0,Sweden
573333,23255,CHILDRENS CUTLERY CIRCUS PARADE,4,10/30/2011 11:34,4.15,12483.0,Sweden
573333,84997D,CHILDRENS CUTLERY POLKADOT PINK,4,10/30/2011 11:34,4.15,12483.0,Sweden
573333,23254,CHILDRENS CUTLERY DOLLY GIRL ,4,10/30/2011 11:34,4.15,12483.0,Sweden
573333,21731,RED TOADSTOOL LED NIGHT LIGHT,12,10/30/2011 11:34,1.65,12483.0,Sweden
573333,22865,HAND WARMER OWL DESIGN,12,10/30/2011 11:34,2.1,12483.0,Sweden
573333,22633,HAND WARMER UNION JACK,12,10/30/2011 11:34,2.1,12483.0,Sweden
573333,21888,BINGO SET,4,10/30/2011 11:34,3.75,12483.0,Sweden
573333,22779,WOODEN OWLS LIGHT GARLAND ,8,10/30/2011 11:34,4.25,12483.0,Sweden
573333,POST,POSTAGE,2,10/30/2011 11:34,40.0,12483.0,Sweden
573333,23084,RABBIT NIGHT LIGHT,24,10/30/2011 11:34,1.79,12483.0,Sweden
574690,35471D,SET OF 3 BIRD LIGHT PINK FEATHER ,24,11/6/2011 13:11,0.39,12638.0,Sweden
574690,51014L,"FEATHER PEN,LIGHT PINK",24,11/6/2011 13:11,0.39,12638.0,Sweden
574690,23108,SET OF 10 LED DOLLY LIGHTS,2,11/6/2011 13:11,6.25,12638.0,Sweden
574690,85172,HYACINTH BULB T-LIGHT CANDLES,32,11/6/2011 13:11,0.42,12638.0,Sweden
574690,21108,FAIRY CAKE FLANNEL ASSORTED COLOUR,18,11/6/2011 13:11,0.79,12638.0,Sweden
574690,22163,HEART STRING MEMO HOLDER HANGING,24,11/6/2011 13:11,0.79,12638.0,Sweden
574690,22340,NOEL GARLAND PAINTED ZINC ,24,11/6/2011 13:11,0.39,12638.0,Sweden
574690,84832,ZINC WILLIE WINKIE  CANDLE STICK,12,11/6/2011 13:11,0.85,12638.0,Sweden
574690,21619,4 VANILLA BOTANICAL CANDLES,12,11/6/2011 13:11,1.25,12638.0,Sweden
574690,21616,4 PEAR BOTANICAL DINNER CANDLES,12,11/6/2011 13:11,1.25,12638.0,Sweden
574690,23311,VINTAGE CHRISTMAS STOCKING ,6,11/6/2011 13:11,2.55,12638.0,Sweden
574690,23313,VINTAGE CHRISTMAS BUNTING,5,11/6/2011 13:11,4.95,12638.0,Sweden
574690,23508,MINI PLAYING CARDS DOLLY GIRL ,20,11/6/2011 13:11,0.42,12638.0,Sweden
574690,23480,MINI LIGHTS WOODLAND MUSHROOMS,8,11/6/2011 13:11,3.75,12638.0,Sweden
574690,22952,60 CAKE CASES VINTAGE CHRISTMAS,24,11/6/2011 13:11,0.55,12638.0,Sweden
574690,23084,RABBIT NIGHT LIGHT,12,11/6/2011 13:11,2.08,12638.0,Sweden
574690,22325,MOBILE VINTAGE HEARTS ,3,11/6/2011 13:11,4.95,12638.0,Sweden
574690,22544,MINI JIGSAW SPACEBOY,24,11/6/2011 13:11,0.42,12638.0,Sweden
574690,22539,MINI JIGSAW DOLLY GIRL,24,11/6/2011 13:11,0.42,12638.0,Sweden
574690,22540,MINI JIGSAW CIRCUS PARADE ,24,11/6/2011 13:11,0.42,12638.0,Sweden
574690,23445,ICE CREAM BUBBLES,20,11/6/2011 13:11,0.83,12638.0,Sweden
574690,20973,12 PENCIL SMALL TUBE WOODLAND,24,11/6/2011 13:11,0.65,12638.0,Sweden
574690,22417,PACK OF 60 SPACEBOY CAKE CASES,24,11/6/2011 13:11,0.55,12638.0,Sweden
574690,23367,SET 12 COLOUR PENCILS SPACEBOY ,16,11/6/2011 13:11,0.65,12638.0,Sweden
574690,22969,HOMEMADE JAM SCENTED CANDLES,12,11/6/2011 13:11,1.45,12638.0,Sweden
574690,85230B,CINNAMON SCENTED VOTIVE CANDLE,24,11/6/2011 13:11,0.29,12638.0,Sweden
574690,85230G,ORANGE VOTIVE CANDLE,24,11/6/2011 13:11,0.29,12638.0,Sweden
574690,72741,GRAND CHOCOLATECANDLE,9,11/6/2011 13:11,1.45,12638.0,Sweden
574690,21212,PACK OF 72 RETROSPOT CAKE CASES,24,11/6/2011 13:11,0.55,12638.0,Sweden
574690,21430,SET/3 RED GINGHAM ROSE STORAGE BOX,4,11/6/2011 13:11,3.75,12638.0,Sweden
574690,21428,SET3 BOOK BOX GREEN GINGHAM FLOWER ,4,11/6/2011 13:11,4.25,12638.0,Sweden
574690,21429,RED GINGHAM ROSE JEWELLERY BOX,8,11/6/2011 13:11,1.95,12638.0,Sweden
574690,22420,LIPSTICK PEN BABY PINK,12,11/6/2011 13:11,0.42,12638.0,Sweden
574690,23348,CHILDRENS TOY COOKING UTENSIL SET,6,11/6/2011 13:11,2.08,12638.0,Sweden
574690,22319,HAIRCLIPS FORTIES FABRIC ASSORTED,12,11/6/2011 13:11,0.65,12638.0,Sweden
574690,22467,GUMBALL COAT RACK,6,11/6/2011 13:11,2.55,12638.0,Sweden
574690,22380,TOY TIDY SPACEBOY  ,5,11/6/2011 13:11,2.1,12638.0,Sweden
574690,22664,TOY TIDY DOLLY GIRL DESIGN,5,11/6/2011 13:11,2.1,12638.0,Sweden
574690,POST,POSTAGE,4,11/6/2011 13:11,40.0,12638.0,Sweden
C575081,23480,MINI LIGHTS WOODLAND MUSHROOMS,-5,11/8/2011 13:30,3.75,12483.0,Sweden
C575081,22633,HAND WARMER UNION JACK,-1,11/8/2011 13:30,2.1,12483.0,Sweden
575736,23114,VINTAGE LEAF CHOPPING BOARD  ,3,11/11/2011 8:47,4.95,12697.0,Sweden
575736,23117,POPPY FIELDS CHOPPING BOARD,3,11/11/2011 8:47,4.95,12697.0,Sweden
575736,23434,3 RAFFIA RIBBONS 50'S CHRISTMAS ,10,11/11/2011 8:47,0.79,12697.0,Sweden
575736,23354,6 GIFT TAGS 50'S CHRISTMAS ,12,11/11/2011 8:47,0.83,12697.0,Sweden
575736,23382,BOX OF 6 CHRISTMAS CAKE DECORATIONS,8,11/11/2011 8:47,3.75,12697.0,Sweden
575736,23435,3 RAFFIA RIBBONS VINTAGE CHRISTMAS,10,11/11/2011 8:47,0.79,12697.0,Sweden
575736,22944,CHRISTMAS METAL POSTCARD WITH BELLS,72,11/11/2011 8:47,0.39,12697.0,Sweden
575736,22930,BAKING MOULD HEART MILK CHOCOLATE,6,11/11/2011 8:47,2.55,12697.0,Sweden
575736,23235,STORAGE TIN VINTAGE LEAF,6,11/11/2011 8:47,2.89,12697.0,Sweden
575736,22083,PAPER CHAIN KIT RETROSPOT,6,11/11/2011 8:47,2.95,12697.0,Sweden
575736,21200,MULTICOLOUR HONEYCOMB PAPER GARLAND,12,11/11/2011 8:47,1.65,12697.0,Sweden
575736,POST,POSTAGE,1,11/11/2011 8:47,40.0,12697.0,Sweden
576083,23494,VINTAGE DOILY DELUXE SEWING KIT ,40,11/14/2011 8:22,5.95,17404.0,Sweden
576083,23545,WRAP RED VINTAGE DOILY,25,11/14/2011 8:22,0.42,17404.0,Sweden
576083,22045,SPACEBOY GIFT WRAP,25,11/14/2011 8:22,0.42,17404.0,Sweden
576083,22708,WRAP DOLLY GIRL,25,11/14/2011 8:22,0.42,17404.0,Sweden
576083,23296,SET OF 6 TEA TIME BAKING CASES,128,11/14/2011 8:22,1.25,17404.0,Sweden
576083,23295,SET OF 12 MINI LOAF BAKING CASES,128,11/14/2011 8:22,0.83,17404.0,Sweden
576083,23293,SET OF 12 FAIRY CAKE BAKING CASES,256,11/14/2011 8:22,0.83,17404.0,Sweden
576083,22139,RETROSPOT TEA SET CERAMIC 11 PC ,24,11/14/2011 8:22,4.95,17404.0,Sweden
576083,84077,WORLD WAR 2 GLIDERS ASSTD DESIGNS,288,11/14/2011 8:22,0.29,17404.0,Sweden
576083,23236,STORAGE TIN VINTAGE DOILY ,96,11/14/2011 8:22,2.89,17404.0,Sweden
576083,23231,WRAP  VINTAGE DOILY ,25,11/14/2011 8:22,0.42,17404.0,Sweden
576519,23318,BOX OF 6 MINI VINTAGE CRACKERS,6,11/15/2011 12:25,2.49,12676.0,Sweden
576519,23319,BOX OF 6 MINI 50'S CRACKERS,6,11/15/2011 12:25,2.49,12676.0,Sweden
576519,22734,SET OF 6 RIBBONS VINTAGE CHRISTMAS,12,11/15/2011 12:25,2.89,12676.0,Sweden
576519,22334,DINOSAUR PARTY BAG + STICKER SET,16,11/15/2011 12:25,1.65,12676.0,Sweden
576519,22332,SKULLS PARTY BAG + STICKER SET,8,11/15/2011 12:25,1.65,12676.0,Sweden
576519,22553,PLASTERS IN TIN SKULLS,12,11/15/2011 12:25,1.65,12676.0,Sweden
576519,23597,PAPER BUNTING PAISLEY PARK,6,11/15/2011 12:25,2.95,12676.0,Sweden
576519,POST,POSTAGE,1,11/15/2011 12:25,40.0,12676.0,Sweden
C577363,23235,STORAGE TIN VINTAGE LEAF,-3,11/18/2011 16:17,2.89,12697.0,Sweden
578089,23084,RABBIT NIGHT LIGHT,48,11/22/2011 17:02,1.79,12483.0,Sweden
578089,22328,ROUND SNACK BOXES SET OF 4 FRUITS ,12,11/22/2011 17:02,2.95,12483.0,Sweden
578089,23480,MINI LIGHTS WOODLAND MUSHROOMS,8,11/22/2011 17:02,3.75,12483.0,Sweden
578089,22467,GUMBALL COAT RACK,36,11/22/2011 17:02,2.1,12483.0,Sweden
578089,21731,RED TOADSTOOL LED NIGHT LIGHT,12,11/22/2011 17:02,1.65,12483.0,Sweden
578089,POST,POSTAGE,4,11/22/2011 17:02,40.0,12483.0,Sweden
C578090,POST,POSTAGE,-2,11/22/2011 17:03,40.0,12483.0,Sweden
580704,23494,VINTAGE DOILY DELUXE SEWING KIT ,40,12/5/2011 16:26,5.95,17404.0,Sweden
C580702,23494,VINTAGE DOILY DELUXE SEWING KIT ,-40,12/5/2011 16:26,5.95,17404.0,Sweden
